id;name;description;show_order;active
1;Jewelery cutting-edge;../fake-data/blob/hipster.txt;30478;false
2;Borders;../fake-data/blob/hipster.txt;41741;false
3;Bahamian Dollar;../fake-data/blob/hipster.txt;26941;false
4;Directives;../fake-data/blob/hipster.txt;32320;false
5;Oklahoma facilitate;../fake-data/blob/hipster.txt;6489;true
6;Functionality;../fake-data/blob/hipster.txt;25178;true
7;card Plastic;../fake-data/blob/hipster.txt;99774;false
8;Personal Loan Account;../fake-data/blob/hipster.txt;50267;false
9;Home;../fake-data/blob/hipster.txt;34507;true
10;Public-key Granite;../fake-data/blob/hipster.txt;48945;false
