id;content;description;show_order;active
1;../fake-data/blob/hipster.txt;../fake-data/blob/hipster.txt;14008;false
2;../fake-data/blob/hipster.txt;../fake-data/blob/hipster.txt;51832;false
3;../fake-data/blob/hipster.txt;../fake-data/blob/hipster.txt;87737;false
4;../fake-data/blob/hipster.txt;../fake-data/blob/hipster.txt;74076;true
5;../fake-data/blob/hipster.txt;../fake-data/blob/hipster.txt;69701;false
6;../fake-data/blob/hipster.txt;../fake-data/blob/hipster.txt;70248;true
7;../fake-data/blob/hipster.txt;../fake-data/blob/hipster.txt;35949;true
8;../fake-data/blob/hipster.txt;../fake-data/blob/hipster.txt;29359;false
9;../fake-data/blob/hipster.txt;../fake-data/blob/hipster.txt;80936;false
10;../fake-data/blob/hipster.txt;../fake-data/blob/hipster.txt;81011;false
